{
    "loss": 2.7897870540618896,
    "accuracy": 0.5531914830207825
}